Aleshia Tomkiewicz,1835703597,atomkiewicz@hotmail.com,Alan D Rosenburg Cpa Pc
Evan Zigomalas,1937864715,evan.zigomalas@gmail.com,Cap Gemini America
France Andrade,1347368222,france.andrade@hotmail.com,"Elliott, John W Esq"
Ulysses Mcwalters,1912771311,ulysses@hotmail.com,"Mcmahan, Ben L"
Tyisha Veness,1547429341,tyisha.veness@hotmail.com,Champagne Room
Eric Rampy,1969886290,erampy@rampy.co.uk,"Thompson, Michael C Esq"
Marg Grasmick,1865582516,marg@hotmail.com,Wrangle Hill Auto Auct & Slvg
Laquita Hisaw,1746394243,laquita@yahoo.com,In Communications Inc
Lura Manzella,1907538509,lura@hotmail.com,Bizerba Usa Inc
Yuette Klapec,1903649460,yuette.klapec@klapec.co.uk,Max Video
Fernanda Writer,1630202053,fernanda@writer.co.uk,K & R Associates Inc
Charlesetta Erm,1276816806,charlesetta_erm@gmail.com,"Cain, John M Esq"
Corrinne Jaret,1625932209,corrinne_jaret@gmail.com,Sound Vision Corp
Niesha Bruch,1874856950,niesha.bruch@yahoo.com,Rowley/hansell Petetin
Rueben Gastellum,1976755279,rueben_gastellum@gastellum.co.uk,Industrial Engineering Assocs
Michell Throssell,1967580851,mthrossell@throssell.co.uk,Weiss Spirt & Guyer
Edgar Kanne,1326532337,edgar.kanne@yahoo.com,"Crowan, Kenneth W Esq"
Dewitt Julio,1253528327,dewitt.julio@hotmail.com,Rittenhouse Motor Co
Charisse Spinello,1719831436,charisse_spinello@spinello.co.uk,Modern Plastics Corp
Mee Lapinski,1578287816,mee.lapinski@yahoo.com,Galloway Electric Co Inc
Peter Gutierres,1842767201,peter_gutierres@yahoo.com,Niagara Custombuilt Mfg Co
Octavio Salvadore,1552709248,octavio.salvadore@yahoo.com,Practical Periphrals
Martha Teplica,1677684257,mteplica@teplica.co.uk,"Curtin, Patricia M Esq"
Tamesha Veigel,1217342071,tveigel@veigel.co.uk,"Wilhelm, James E Jr"
Tess Sitra,1473229124,tess_sitra@hotmail.com,Smart Signs
Leonard Kufner,1230623547,lkufner@kufner.co.uk,Arctic Star Distributing Inc
Svetlana Tauras,1781827317,svetlana_tauras@tauras.co.uk,"Lensbower, Gregory L Esq"
Pok Molaison,1866248660,pok@yahoo.com,Portal Metal Products
Augustine Growcock,1541802635,augustine.growcock@growcock.co.uk,"Lynema, Cliff Cpa"
Karma Quarto,1857864722,kquarto@gmail.com,J C S Machinery
Reed Weisinger,1243678286,reed_weisinger@yahoo.com,"Berick, Joseph G Esq"
German Zelaya,1400269033,german@hotmail.com,Jackson & Heit Machine Co Inc
Milly Savidge,1702725589,milly@gmail.com,Bridgeway Plan For Health
Luis Ear,1462648669,luis@hotmail.com,Wa Inst For Plcy Studies
Ciara Cobbley,1235647932,ciara_cobbley@hotmail.com,Wmgl 101.7 Fm
Alethea Mould,1662114247,alethea@hotmail.com,"Hughlett, Henry T Jr"
Margurite Loperfido,1407866759,mloperfido@gmail.com,Penrose Place Pharmacy Inc
Vernice Sperazza,1822563044,vernice@yahoo.com,"Novak, Alan Paul Esq"
Vicente Rawicki,1327770774,vicente_rawicki@hotmail.com,B & S Tool And Cutter Svc Inc
Craig Cua,1483418969,craig@hotmail.com,"Berry, John M Esq"
Jenise Dulle,1709854691,jenise.dulle@hotmail.com,"Alden, Michael H Esq"
Marylin Cornelison,1609882184,marylin_cornelison@yahoo.com,Ernest E Heuer & Company Pc
Marget Gunst,1693310794,mgunst@yahoo.com,"Frankel, Stephen"
Annett Bunselmeyer,1891702579,abunselmeyer@hotmail.com,Guynes Design Inc
Kip Turziano,1850347846,kip.turziano@yahoo.com,General Appraisal Co
Melina Orizabal,1420307327,melina@gmail.com,Sheraton Inn Ocean Front
Tina Clapham,1567296442,tclapham@gmail.com,Cooper Myers Y Co
Luisa Devereux,1607269930,ldevereux@gmail.com,Cash 4 Checks
Pedro Aschoff,1386981141,paschoff@yahoo.com,Charlotte Chamber
Carrol Kunimitsu,1260641258,carrol_kunimitsu@yahoo.com,Kisc 98 Kiss Fm
Alba Mosseri,1543198690,alba@gmail.com,"Schwartzbard, Gail L Esq"
Domonique Sandlin,1355500797,domonique@hotmail.com,Marketing Horizons Inc
Rory Neufville,1252621329,rory_neufville@neufville.co.uk,"Brady, Brad J Esq"
Dustin Klingaman,1712135466,dklingaman@gmail.com,Cash 4 Checks
Lyndia Moonshower,1469300335,lyndia_moonshower@moonshower.co.uk,Bomarko Inc
Jules Hiltner,1428343825,jules@yahoo.com,"Benitez, Brigida Esq"
Dong Kopczynski,1770129032,dkopczynski@kopczynski.co.uk,Kennedy Scales Inc
Justine Salta,1689253476,justine_salta@yahoo.com,Barajas & Bustamante Archl
Chantay Kamens,1823383806,ckamens@hotmail.com,Brewster Wallcoverings Co
Tequila Chisum,1835634521,tequila.chisum@chisum.co.uk,Bohs Well Drilling Inc
Maybelle Consolazio,1383647035,mconsolazio@yahoo.com,"Gavin, Lee W Esq"
Margarett Bairo,1670813697,margarett@gmail.com,"Reid, Carleton B Esq"
Janessa Noonon,1472324699,jnoonon@yahoo.com,"Canterbury, Christopher C"
Sol Cowser,1412528394,sol@gmail.com,Omni Mandalay
Louann Smethers,1670234959,louann@gmail.com,Cash 4 Checks
Lindsay Yadao,1947566661,lindsay_yadao@yadao.co.uk,"Lutz, Christopher T Esq"
Malika Hanton,1532497454,malika@gmail.com,Association Of Art Museum Dir
Stefany Ferenz,1743977277,stefany@hotmail.com,L & L Sales Co Inc
Abraham Cratch,1599245408,acratch@gmail.com,"Cavuto, John A"
Giuseppe Rohaley,1345400452,giuseppe@yahoo.com,Pacific Coast Packaging
Kiera Bassil,1655519837,kbassil@bassil.co.uk,Storm Eye Institute
Wendell Rubano,1837530939,wendell_rubano@hotmail.com,Automation Engrg & Mfg Inc
Stevie Stifflemire,1262808399,stevie_stifflemire@stifflemire.co.uk,Packaging Corp Of America
Yun Paletta,1350332706,yun_paletta@paletta.co.uk,"Goe, Douglas E Esq"
Brittani Thurm,1686306597,bthurm@yahoo.com,Burgess Steel Products Corp
Billy Venus,1537356648,billy.venus@yahoo.com,Tipton & Hurst
Brynn Elkan,1388416867,brynn@yahoo.com,A O Hardee & Son Inc
Elroy Piehler,1589654152,epiehler@piehler.co.uk,"Jonson, Geo D Esq"
Anisha Shulick,1780704167,ashulick@yahoo.com,Dale Yoder Clu Life Hlth & Bus
Bettina Kham,1355192668,bettina.kham@kham.co.uk,Council Of Cmnty Blood Ctrs
Velda Mancilla,1823526645,velda_mancilla@mancilla.co.uk,"Tremont, Michael A Esq"
Marta Brace,1777469402,marta.brace@brace.co.uk,"Trautman, Eileen Esq"
Juan Vanwyhe,1961642757,juan_vanwyhe@gmail.com,Office Service Co
Lelia Filion,1367136951,lelia.filion@filion.co.uk,Alphabetland Pre School Center
Una Frankel,1912749219,ufrankel@hotmail.com,Shamrock Food Service
Eva Joulwan,1779720349,eva.joulwan@gmail.com,Central Hrdwr & Elec Corp
Mammie Dormanen,1527579687,mammie_dormanen@hotmail.com,Matt Parrott & Sons Co
Jeannetta Coolidge,1927790069,jeannetta_coolidge@gmail.com,Tiny Tots Originals Div
Elbert Drawe,1753784273,edrawe@drawe.co.uk,"Lovitch, Alan F"
Lenny Gazzola,1312233253,lenny.gazzola@yahoo.com,Wise Industries
Mira Alpheaus,1241273991,mira.alpheaus@yahoo.com,East County Process
Cathern Ungar,1898134749,cathern.ungar@ungar.co.uk,Agopgee Enterprises Inc
Malcom Fleckles,1478110943,malcom.fleckles@gmail.com,L Winik & Associates Inc
Monroe Damato,1402733903,mdamato@damato.co.uk,"Rosati, Marc D Esq"
Leota Fletchen,1358446391,lfletchen@gmail.com,Rust Evader Corp
Berry Gutoski,1448211489,berry@gmail.com,Budget Annex
Meghan Riherd,1462474800,meghan@riherd.co.uk,Kiqo Pure Gold Oldies 104 Fm
Mike Torner,1240600327,mike_torner@torner.co.uk,Cash 4 Checks
Elsa Delisle,1537525550,elsa_delisle@gmail.com,Taos Valley Resort Assn
Linwood Rosenlof,1546942059,linwood.rosenlof@yahoo.com,Exhibit Crafts Inc
Latosha Alexy,1704508066,latosha@yahoo.com,"Laitinen, Stephen B Esq"
Alexia Meenan,1560328739,alexia.meenan@meenan.co.uk,Herr Foods Inc
Graham Stanwick,1860191930,gstanwick@gmail.com,Tiburon Pen Chmbr Commrce Inc
Elinore Fulda,1457837447,elinore.fulda@fulda.co.uk,Agri Business Insurance Agency
Lisbeth Creecy,1931620849,lcreecy@gmail.com,"Gerstenfeld, Gerald F Esq"
Eloisa Faurote,1337695353,eloisa.faurote@hotmail.com,"Mcdonald, Michael J Esq"
Shawana Cantua,1413348876,shawana@yahoo.com,Best Western Riverview Inn
Alyssa Ansbro,1632887825,alyssa_ansbro@gmail.com,"Berg, Michael D Esq"
Kyoko Mcmillian,1235173362,kyoko_mcmillian@gmail.com,Nature Conservancy
Terry Gauthier,1555550015,tgauthier@yahoo.com,"Walker, Susan S Esq"
Sena Langenbach,1756678490,sena.langenbach@hotmail.com,Alternative Collection Svc Inc
Cristen Nesset,1354864473,cnesset@nesset.co.uk,"Johnson, Matthew E Esq"
Lashawn Ker,1676780022,lashawn.ker@gmail.com,"Thornsjo, Dale O Esq"
Wade Sovel,1712978062,wade@hotmail.com,Manhattan Supply Co Deer Pk
Whitney Tishler,1224605237,whitney@gmail.com,Clifford Standifer & Mcdowell
Deja Conatser,1378234592,deja.conatser@hotmail.com,Universal Case Co
Earnestine Casper,1807346103,earnestine_casper@hotmail.com,A O J Mfg Corp
Frankie Marruffo,1295678319,fmarruffo@gmail.com,Paralegal Personnel
Paola Dease,1333642646,pdease@gmail.com,Sunderland Publishing Co
Rodrigo Hawkin,1936611490,rodrigo@hotmail.com,"Godfroy, William Esq"
Luther Alsman,1536639256,luther@gmail.com,Crossroads Travel Service Inc
Casey Dondero,1728100333,casey.dondero@hotmail.com,Sarrail Lynch & Hall
Ressie Bontemps,1996854517,ressie_bontemps@bontemps.co.uk,Typesetters
Sean Schurman,1773139510,sean.schurman@schurman.co.uk,Cooper Electric Supply Co
Celestina Pince,1763475078,cpince@pince.co.uk,Mcallister & Murphy Pc
Maira Karas,1582839217,maira.karas@yahoo.com,"Blanton, Mary R Attorney"
Beth Barbone,1210926114,bbarbone@barbone.co.uk,Upper Deck Co
Wei Nobel,1912146880,wei_nobel@hotmail.com,Victory Coating
Melissia Slotemaker,1515360513,mslotemaker@gmail.com,Twining Nemia & Steflik
Letha Akey,1694424205,letha_akey@akey.co.uk,Jeanettes Drapery & Upholstery
Isaac Semrad,1939738818,isaac.semrad@semrad.co.uk,"Prugh, Pamela J Cpa"
Kristine Klipfel,1710435506,kristine.klipfel@yahoo.com,"Neeley, Gregory W Esq"
Odette Moussette,1712248851,odette_moussette@gmail.com,Village Business Center
Hobert Panfilov,1245353227,hobert@gmail.com,"Carlin, Angela G Esq"
Isadora Mchughes,1526145485,isadora.mchughes@mchughes.co.uk,Fan Shop
Emily Pogorelc,1416913482,emily.pogorelc@yahoo.com,Mccartney Printing Services
Desire Barresi,1819701096,desire@gmail.com,Greater Cinc Schl Empl Crdt Un
Rosalind Stamps,1918999052,rosalind.stamps@stamps.co.uk,"Haar, Allen F"
Vernell Connley,1954363885,vernell@hotmail.com,Harmons
Micheline Mathieson,1857518738,micheline.mathieson@yahoo.com,Mail Boxes Etc
Nathan Outhouse,1555702650,nathan.outhouse@gmail.com,Grt Amercn Fed Svngs & Ln Assn
Allene Burau,1731825958,allene.burau@hotmail.com,Allied Plastics
Julie Sakshaug,1225180983,julie@gmail.com,Newton Clerk
Francisca Shuhi,1345878334,fshuhi@shuhi.co.uk,"Thompson, Chesney Md"
Marisha Wilcoxon,1257461104,marisha.wilcoxon@gmail.com,Young Door Company
Telma Maraia,1500649863,telma@maraia.co.uk,Reliable Yard Service
Luke Crete,1375820236,luke.crete@crete.co.uk,M D & W Railway
Hubert Mias,1408965643,hubert.mias@gmail.com,Chuckmaster Co
Janella Altobell,1746505364,jaltobell@hotmail.com,"Shannon, Paul V Esq"
Angelo Lavista,1544247601,angelo.lavista@gmail.com,Computemp
Tran Mandiola,1609235350,tran.mandiola@hotmail.com,N Rockland Educl Fed Crdt Un
Reynalda Vanhooser,1951872658,reynalda@vanhooser.co.uk,A All In One Construction
Salley Rieger,1858162078,salley.rieger@gmail.com,Fan Shop
Cheryll Yurich,1780380120,cheryll_yurich@yurich.co.uk,Blaineco Structural Movers
Crista Viengxay,1976784016,crista@yahoo.com,Green Point Savings Bank
Lino Sutulovich,1316590173,lino.sutulovich@gmail.com,Fan Shop
Galen Wendorf,1220653456,galen.wendorf@wendorf.co.uk,"Russell, Amelia Mosley Esq"
Gilbert Langarica,1455565046,gilbert.langarica@gmail.com,Inter American Press Assn
Whitney Goossen,1255383731,whitney.goossen@hotmail.com,Eagle Newspapers
Socorro Abrahams,1311567052,socorro_abrahams@abrahams.co.uk,Martin Morrissey
Mauricio Flam,1640813748,mflam@gmail.com,"Callender, William C Esq"
Phillip Aloi,1490898175,paloi@hotmail.com,"Duffield, Michael C"
Gilberto Erixon,1582161403,gerixon@gmail.com,Advanced Data Systems
Thad Puskarich,1506152661,thad_puskarich@puskarich.co.uk,"Drubner, Norman S Esq"
Bambi Favaron,1676354943,bambi.favaron@yahoo.com,Fan Shop
Marshall Kozikowski,1913454226,marshall@hotmail.com,Viking Lodge
Chery Wiederin,1274659801,cwiederin@yahoo.com,"Rosenkrance, Brent"
Eileen Montecalvo,1904227024,eileen@yahoo.com,Fan Shop
Melita Szpak,1431484822,melita.szpak@szpak.co.uk,Or Draymen & Warehousemans
Ashley Jessie,1740739731,ashley_jessie@jessie.co.uk,"Haney, Tom C Md"
Laila Fend,1550206220,lfend@gmail.com,Burlington Co Library
Bobbie Guillereault,1496781616,bguillereault@gmail.com,Geneva Woods Professional Ctr
Dana Paluszynski,1847224345,dpaluszynski@paluszynski.co.uk,Chile Pepper Magazine
Freida Newyear,1773691786,freida_newyear@yahoo.com,"Flash, Elena Salerno Esq"
Val Cellucci,1387155607,vcellucci@yahoo.com,Fan Shop
Horace Knapp,1924556297,horace.knapp@yahoo.com,Mouw & Celello Pc
Joana Reinecke,1320402522,jreinecke@reinecke.co.uk,Visiting Nur Assn Ctrl Jersey
Tiara Schlichter,1270562265,tiara_schlichter@schlichter.co.uk,C C Industries
Dacia Swaisgood,1984926059,dacia.swaisgood@swaisgood.co.uk,Nelson & Paulson Chartered
Myong Babineaux,1897419567,mbabineaux@babineaux.co.uk,Capital Thrpy & Spts Medcn Inc
Gene Bleile,1257354396,gene_bleile@bleile.co.uk,Sun Toledo Refinery Co
Kanisha Difiora,1770697837,kanisha@gmail.com,"Mata, Mario A Esq"
Ayesha Moeder,1284871485,ayesha@gmail.com,Meredith Paving Corp
Lanie Smalarz,1218415062,lanie.smalarz@yahoo.com,Philosophical Rsrch Scty Bkstr
Jaleesa Polintan,1507519053,jpolintan@polintan.co.uk,New Jersey Tanning Co Inc
Tamekia Flotow,1794317624,tamekia.flotow@hotmail.com,All County Inc
Ula Otey,1291565542,ula@hotmail.com,Mail Boxes Etc
Rosendo Ratel,1404343160,rratel@yahoo.com,Elmark Graphics Inc
Timmy Lintner,1651232745,tlintner@hotmail.com,Interdependence Associates Inc
Zita Speltz,1368497445,zita_speltz@yahoo.com,Mmm Design Group
Aleisha Lemm,1341997268,aleisha.lemm@gmail.com,Pathe Cmptr Cntrl Systems Corp
Naomi Lavezzo,1469888112,naomi.lavezzo@yahoo.com,Torrefazione Italia Inc
Aretha Bowling,1816462521,aretha@hotmail.com,"Sawyer, Robert M Esq"
Mila Figuera,1300650262,mila_figuera@yahoo.com,U S Sapporo A Inc
Orville Zuehl,1998694754,orville_zuehl@zuehl.co.uk,"Teti, Louis N Esq"
Gabriele Geschke,1404425588,gabriele@geschke.co.uk,Levy Security Consultants Ltd
Kara Jaquish,1691316298,kara@yahoo.com,El Adobe Inn
Kenny Lin,1753900033,kenny@lin.co.uk,Mcmahan Mcmahan & Brinkley
Vashti Sugai,1311723137,vashti@gmail.com,Accurate Engraving Co
Jordan Handsaker,1793443665,jordan_handsaker@gmail.com,Shirleys Print Shoppe
Carisa Degenhardt,1911775929,carisa.degenhardt@degenhardt.co.uk,Schwend Signs
Audrie Danaher,1344670413,adanaher@yahoo.com,K C Products Co
Shaunna Rodamis,1658509610,shaunna.rodamis@yahoo.com,Engelbrecht Ackerman & Hassman
Coleen Langer,1956525612,coleen.langer@hotmail.com,Valley Prodn Ctr For Vid & Aud
Katie Choinski,1606772920,katie@choinski.co.uk,Coastal Technologies
Dannie Brau,1675779811,dbrau@brau.co.uk,Goodfellow Agency
Ashanti Donn,1352599278,adonn@yahoo.com,Denticator
Madalyn Dubberly,1974720949,madalyn.dubberly@gmail.com,L & M Industrial Chemicals Inc
Santos Signore,1614431131,santos@gmail.com,"Gallagher, John J Esq"
Alyce Flamino,1361927368,alyce@yahoo.com,"Sadowski, Jeffrey A"
Pearly Ero,1329374051,pero@hotmail.com,Rug Gallery
Cherrie Nitschke,1373498883,cherrie_nitschke@yahoo.com,"Watson, Richard I Md"
Maia Shadd,1950708083,maia_shadd@gmail.com,Pigeon Falls State Bank
Edwin Logghe,1366667615,edwin_logghe@hotmail.com,Joseph Victor & Son Inc
Leigha Semenza,1406216625,lsemenza@yahoo.com,Unique Epoxy
Walker Seeger,1245616596,walker.seeger@yahoo.com,Jim Dunnam Builder Inc
Nakita Rodrigues,1679150583,nakita_rodrigues@gmail.com,Richard Mulholland Prop Inc
Kattie Ozane,1322491007,kozane@gmail.com,"Page, Patricia A Esq"
Lamar Suite,1716613102,lsuite@yahoo.com,T J Boyle & Associates
Juliana Uken,1962844141,juliana.uken@yahoo.com,Charles S Cavadini Cic
Chan Loftin,1507583669,chan@gmail.com,Hydrick Law Offices
Delpha Detamore,1322480025,delpha.detamore@yahoo.com,Bilar Tool & Die Inc
Floyd Tivis,1882970809,floyd_tivis@hotmail.com,Sheplers Western Wear
Chantell Besong,1607329400,chantell_besong@gmail.com,"Kelly, Mark C"
Martin Fonua,1919185409,mfonua@yahoo.com,Aviation Insurance Inc
Hyun Erdman,1594744010,hyun@gmail.com,"Hall, Ronald A"
Nada Arey,1576627827,nada@hotmail.com,Advanced Engineering Assocs
Elizabeth Pata,1634662999,elizabeth@gmail.com,"Hirsch, Henry L Esq"
Dominic Washmuth,1725615270,dwashmuth@hotmail.com,"Bremer, Duncan S Esq"
Alise Packebush,1266695304,alise.packebush@gmail.com,Wnc Forklift Inc
Flo Bardsley,1983847833,flo.bardsley@hotmail.com,"Hancock, John J Esq"
Bonita Sandblom,1989617161,bsandblom@gmail.com,Transbay Steel Corp
Royal Rush,1934427282,royal.rush@yahoo.com,"Severt, Todd D Esq"
Erasmo Talentino,1492454455,erasmo.talentino@hotmail.com,Active Air Systems
Mari Smeby,1423202676,msmeby@gmail.com,A B E Doors & Windows
Eleonora Ventry,1966685595,eleonora@gmail.com,"Jackson, Donald M Esq"
Therese Shiraki,1611691262,tshiraki@gmail.com,Wuhf Fox 31
Rodolfo Scavuzzo,1576536794,rodolfo_scavuzzo@yahoo.com,Gulf Atlantic Equipment Co Inc
Cruz Fanelli,1710616480,cruz@hotmail.com,"Graham, John A Esq"
Arlyne Dellinger,1907958462,arlyne.dellinger@yahoo.com,"Holzgrafe, Roger E Esq"
Edward Strejan,1242422459,edward_strejan@gmail.com,Kaysers Nutrition Center
Christoper Sheneman,1455958797,christoper@gmail.com,"Jones, Brigham P Esq"
Melda Colamarino,1879572287,melda.colamarino@colamarino.co.uk,Proctor & Associates Co
Margot Peay,1925895879,margot.peay@yahoo.com,"Bork, Terry D Esq"
Gerald Drozdenko,1593647422,gdrozdenko@yahoo.com,Diamond Cbnts Div Wht Cons Ind
Tomoko Renno,1731573285,tomoko@renno.co.uk,Trico Prods Corp
Mendy Wassmann,1378845450,mendy.wassmann@wassmann.co.uk,"Ruello, Joseph F"
Daryl Hilcher,1391238570,dhilcher@hotmail.com,Petaluma Area Chamber Commrce
Ty Feeback,1964503521,tfeeback@gmail.com,Barnett Travel
King Vanacore,1908714833,king_vanacore@yahoo.com,Sdse Public Tv
Isidra Varnado,1600982590,ivarnado@varnado.co.uk,Howland Machine Corp
Tonja Driesenga,1683204727,tdriesenga@driesenga.co.uk,First Ozaukee Savings Bank
Shaquana Featherston,1641726098,shaquana@hotmail.com,General Truck Part & Equipment
Gilberto Feagins,1304758732,gfeagins@gmail.com,"Finlay, Joseph B Jr"
Rex Faehnle,1955496773,rfaehnle@faehnle.co.uk,"Hering, Glenn Z Esq"
Adolph Cunningham,1731429712,adolph_cunningham@hotmail.com,"Moorhead, Bridget Klein Esq"
Queen Leader,1567846944,queen_leader@gmail.com,Ottumwa Glass Co
Rebbecca Rufenacht,1583168158,rrufenacht@yahoo.com,Ithaca Guitar Works Inc
Ardella Goldrup,1813786468,ardella.goldrup@goldrup.co.uk,Bedford Books St Martins Prs
Dallas Miyashiro,1356551432,dallas_miyashiro@miyashiro.co.uk,Em Building Products Inc
Vivan Jenious,1907573672,vjenious@yahoo.com,Mnpls Arprt Marriott
Han Dzledzic,1532163009,han_dzledzic@hotmail.com,Captain Copy
Emilio Guitierrez,1845679016,emilio_guitierrez@guitierrez.co.uk,Register Printing Co
Latia Cos,1695303367,lcos@yahoo.com,Capitol Cadillac Company
Lilli Cureau,1752399931,lilli@yahoo.com,A 1 Plumbers Supply
Maryanne Siske,1455447890,maryanne@hotmail.com,"Levering, Charles B Esq"
Eliz Strimple,1699467608,eliz@gmail.com,Karl May General Contractor
Laura Gumaer,1821208235,laura_gumaer@gmail.com,C Leasing Company
Leanora Respicio,1564503370,lrespicio@respicio.co.uk,Fire Protection Consultants
Sherell Pomarico,1523372834,spomarico@hotmail.com,Kxlt Radio (k 108 Fm)
Charlie Isita,1295844061,charlie@isita.co.uk,"Sotorrio, Rene A Esq"
Veronique Nuckolls,1632762032,vnuckolls@gmail.com,Cinemax Cable Pay Tv Svce
Antonio Villamarin,1559403415,antonio.villamarin@gmail.com,Combs Sheetmetal
Louvenia Kincannon,1315409372,lkincannon@kincannon.co.uk,"Fineshriber, Marilyn Esq"
Roxanne Hedegore,1317299836,roxanne_hedegore@gmail.com,"Wallace, Bruce R Esq"
Eve Hoffstot,1746129962,eve.hoffstot@yahoo.com,Domestic Intrntl Techlgy Ltd
Kenda Koza,1840188852,kkoza@koza.co.uk,General Bindery Co Inc
Elden Mercik,1539784239,elden_mercik@mercik.co.uk,"Lee, Stan Dvm"
Kami Ferre,1775876516,kami@yahoo.com,"Chomsky, Charles Esq"
Selene Zeng,1741833047,selene@yahoo.com,Dustbooks
Deangelo Rardon,1748535438,deangelo_rardon@yahoo.com,Ric Lo Productions Ltd
Olen Ailey,1654865551,olen@gmail.com,"Shohet, Grace C Esq"
Lanie Smarsh,1973841918,lanie@yahoo.com,Lbt
Lynna Breheny,1914909214,lynna@yahoo.com,Wky Am 930 Stereo
Jody Klitzing,1822390245,jody_klitzing@hotmail.com,Dan Dee Belt & Bag Co Inc
Antonio Glasford,1463409090,antonio_glasford@glasford.co.uk,Saint Thomas Creations
Merilyn Scurci,1770233355,merilyn_scurci@hotmail.com,New York C Liquidators Inc
Elliott Kins,1727926540,elliott@gmail.com,John Noda A Law Ofc Lawrence E
Leonie Devereux,1515840778,leonie_devereux@gmail.com,Mr Bar B Q Inc
Eulah Syrop,1666133305,eulah@syrop.co.uk,Atec
Marsha Tarry,1203684728,marsha.tarry@yahoo.com,Allgood Industries
Mignon Luger,1934252795,mignon@gmail.com,National Lime Association
Tu Rivet,1578744350,tu_rivet@gmail.com,Gemini Hats & Accessories Inc
Adelle Schantini,1624595660,adelle_schantini@yahoo.com,Creative Photography Inc
Douglass Fonnesbeck,1305958705,douglass@fonnesbeck.co.uk,"Goodspeed, Paul E Esq"
Evette Mazierski,1277740331,emazierski@mazierski.co.uk,Consolidated Aluminum
Geraldo Okoren,1374376226,gokoren@okoren.co.uk,Guadalajara Bar & Grille
Clarinda Pelayo,1902887021,cpelayo@pelayo.co.uk,Tejas Loans
Reuben Mccorrison,1337407282,reuben.mccorrison@hotmail.com,Kyes Tv Channel 5
Yen Groody,1882911812,ygroody@groody.co.uk,Daily Advance
Tanja Milne,1584615989,tanja.milne@yahoo.com,Austin Periodical Services
Jerlene Holtgrewe,1993956208,jholtgrewe@yahoo.com,Granite Construction Co
Almeta Keehner,1291250423,akeehner@hotmail.com,"Hoolahan, Catherine G Esq"
Wilda Brigham,1950109108,wilda@brigham.co.uk,Morelli Hoskins Ford
Remedios Arlinghaus,1536498792,remedios.arlinghaus@gmail.com,"Miller, Martin M Esq"
Margret Alcazar,1626590776,margret@alcazar.co.uk,Advantage Title & Escrow Inc
Denny Casalenda,1349134533,dcasalenda@gmail.com,Ringo International Inc
Carolynn Atkison,1815665993,carolynn.atkison@hotmail.com,Dorval Trading Co Ltd
Amina Goulbourne,1536114519,amina@yahoo.com,Poag Grain Inc
Janna Przybyl,1684628072,jprzybyl@przybyl.co.uk,Southwest Ms Shopg Bag
Emiko Sayre,1660135336,emiko.sayre@yahoo.com,Scott Marlow Agency
In Muns,1574363346,in_muns@muns.co.uk,Nursefinders
Eleni Vanscoik,1208373467,eleni_vanscoik@gmail.com,"Simpson, Fred B Esq"
Kandis Alsbury,1797837270,kalsbury@hotmail.com,Fast Cash
Kina Saltman,1515506025,kina_saltman@gmail.com,Mitchell Silliman Co Inc
Jacki Sterback,1820396117,jacki.sterback@gmail.com,"Praver, David L Esq"
Fallon Kerfoot,1538649750,fallon.kerfoot@gmail.com,"Rotenstreich, H Andrew Esq"
Precious Brabble,1687288043,precious_brabble@brabble.co.uk,Sigmacom Corporation
Glory Ona,1469868357,glory_ona@gmail.com,Real Isle Properties
Tamesha Tyburski,1954979729,tamesha.tyburski@gmail.com,"Liss, Amy Esq"
Brande Cutlip,1947472569,bcutlip@yahoo.com,Real Estate Appraisals Inc
Olene Skubis,1250453315,olene_skubis@yahoo.com,"Luby, Joseph K Esq"
Carey Marchetta,1750379103,cmarchetta@hotmail.com,New River Tire Company Inc
Launa Torez,1670547878,launa.torez@yahoo.com,"Farber, Mindy Esq"
Dominga Whitrock,1341700830,dominga@whitrock.co.uk,"Nohr, Katharine M Esq"
Dwight Belyea,1822404490,dbelyea@belyea.co.uk,Skuttle Mfg Co
Cornell Mccrossin,1608748971,cornell.mccrossin@mccrossin.co.uk,"Cheek, John D Esq"
Alverta Topete,1685141932,alverta.topete@gmail.com,National Catholic Reporter
Felicia Claybrooks,1722395799,felicia@claybrooks.co.uk,Strescon Industries Inc
Carmen Gillham,1692491267,carmen@hotmail.com,"Norda, Beth Dorsey Esq"
Ashlee Beyl,1832837946,ashlee.beyl@hotmail.com,Indiana Electronics Corp
Vannessa Land,1206207771,vannessa.land@yahoo.com,Port Delivery Systems
Patti Rempel,1539157435,patti@rempel.co.uk,"Meder, Randy F Cpa"
German Meyerhoff,1790887225,german@meyerhoff.co.uk,S M Copiers
Anika Marse,1942654793,anika@marse.co.uk,Milton Terry Associates
Cristina Marola,1264145506,cmarola@gmail.com,Pro Img Mktng & Pub Rel Inc
Lemuel Allis,1580252868,lemuel_allis@yahoo.com,Computer Security Cnslnts Inc
Joaquin Hysom,1616548910,jhysom@gmail.com,Sport Toyota
Kerrie Makuch,1854749084,kmakuch@gmail.com,Kinkos Copies
Alaine Raterman,1927151413,alaine@hotmail.com,Putnam Co Inc
Shannon Kobayashi,1620435994,shannon@yahoo.com,Hungs
Corinne Holman,1933753592,corinne@holman.co.uk,Herculite Mason Supply Inc
Heidy Hallford,1958748582,hhallford@hotmail.com,New England Die Co Inc
Marylyn Shonerd,1721694690,marylyn_shonerd@yahoo.com,Barker Electronics
Maryln Mortenson,1618628525,maryln@gmail.com,"Mullins, Glen Esq"
Pearlie Flori,1235935599,pearlie_flori@gmail.com,Marine Safety International
Nina Yaklin,1434621318,nyaklin@hotmail.com,Ramm Metals Inc
Vivienne Torrain,1782100832,vivienne@hotmail.com,Finley Colmer & Co
Jacob Kippel,1550463222,jacob.kippel@yahoo.com,Acc Automation Inc
Tula Nahmias,1846815511,tnahmias@nahmias.co.uk,"Anstoetter, Mark D Esq"
Berry Scandalis,1379603039,berry.scandalis@gmail.com,American Fine Foods Inc
Kaycee Carsten,1270893129,kaycee.carsten@gmail.com,Dohn Law Offices Inc Ps
Melvin Setter,1401151569,melvin_setter@setter.co.uk,Rex Internatl
Brianne Matsumura,1519417660,brianne@matsumura.co.uk,Bender & Associates
Eugene Pelzer,1839920108,eugene_pelzer@gmail.com,Fashion Corner Inc
Margery Rohrs,1634340524,margery@hotmail.com,C G Mccullough Insurance Agcy
Noel Sarra,1868736780,nsarra@gmail.com,Orkin Exterminating Co Inc
Beula Lingo,1322144392,beula_lingo@yahoo.com,Bauer Coatings
Sheridan Mckenize,1512765064,sheridan.mckenize@hotmail.com,Word & Image Workshop Inc
Dino Meinert,1802634391,dino.meinert@yahoo.com,Container Decorating Inc
Rebbeca Rubinstein,1708724957,rebbeca_rubinstein@hotmail.com,"Cullen, Jack J Esq"
Celia Reisling,1309159593,celia.reisling@hotmail.com,Bridger Valley General Store
Stefania Weatherwax,1698705920,sweatherwax@yahoo.com,Robert Vance Ltd
Leah Luchterhand,1777851028,leah@hotmail.com,Safeguard Chemical Corp
Billy Selma,1270345115,billy.selma@yahoo.com,Taylor Inn
Doug Lucore,1943467489,dlucore@yahoo.com,"Barr, Albert S Iii"
Veronica Mcclodden,1456906658,veronica@hotmail.com,Las Vegas Art Museum
Laquanda Kho,1725370369,laquanda.kho@yahoo.com,Bayou Welding Works Inc
Mohammad Poitra,1705240007,mpoitra@yahoo.com,"Kenyon, William R Esq"
Mozell Westad,1348989703,mozell.westad@westad.co.uk,Fox Vision Center
Bronwyn Bridgford,1407312329,bronwyn.bridgford@yahoo.com,Edgemere Finance Company
Jeff Brossoit,1593501965,jeff.brossoit@yahoo.com,Jeh Construction Co
Shantay Hopman,1516850881,shopman@hopman.co.uk,Smith & Dekay Ps
Chantay Jirsa,1721910475,chantay_jirsa@jirsa.co.uk,Posey Company
Keneth Stpierrie,1919731224,keneth_stpierrie@hotmail.com,Mueller Repro Blue Printg
Alton Rampy,1767568989,alton_rampy@gmail.com,Reliable Metalcraft Inc
Patrick Teisberg,1842131065,patrick@hotmail.com,"Dworkin, Michael L"
Theron Merriam,1655809574,theron@merriam.co.uk,"Percival, Mark R Esq"
Pilar Seelig,1356866584,pilar@yahoo.com,Demer Normann Smith Ltd
Lashunda Argiro,1422728149,lashunda@yahoo.com,Kluza Associates
Verda Chiphe,1754426672,vchiphe@chiphe.co.uk,Ardrox
Ashley Tropp,1951324927,ashley.tropp@gmail.com,Everythings A Dollar
Vesta Havely,1772461124,vhavely@havely.co.uk,Tool Service Company Inc
Emogene Ritthaler,1681212638,emogene.ritthaler@yahoo.com,Mcdonald Service Station
Shayne Mordhorst,1286279043,smordhorst@mordhorst.co.uk,Don Allen & Associates Pa
Franchesca Charry,1748827176,franchesca@gmail.com,"Cappello, A Barry Esq"
Elmira Ringlein,1934672498,eringlein@gmail.com,"Hyland, Richard S Esq"
Destiny Madlem,1421624966,destiny@yahoo.com,Diesel Recon
Gaston Szumski,1651911453,gaston.szumski@hotmail.com,Red Giant Foods Inc
Ronna Mittler,1214651738,ronna_mittler@hotmail.com,Bethesda Gazette
Angelica Poisso,1472449327,apoisso@gmail.com,Chemical Consultants
Casie Arzilli,1289195823,casie@gmail.com,Wenatchee Valley Fed Crdt Un
Magdalene Cocherell,1546162965,magdalene_cocherell@yahoo.com,Southern Interiors Inc
Erasmo Gath,1445796544,egath@hotmail.com,Pan Optx
Rosalia Ziv,1414349699,rosalia.ziv@ziv.co.uk,"Arias, Michele Ann Md"
Lyda Cronholm,1672538356,lyda.cronholm@cronholm.co.uk,Print Shop
Lisandra Stueber,1831806301,lisandra_stueber@hotmail.com,Wstu 1450 Am Radio Station
Sabina Prok,1932112259,sabina.prok@prok.co.uk,T J Ward & Associates Inc
Elenore Gomoran,1470383444,elenore_gomoran@yahoo.com,Bell Service Systems Inc
Brynn Capra,1963124789,brynn_capra@yahoo.com,Magic Valley Irrigation Supply
Leeann Flory,1906807997,leeann@gmail.com,Fleetwood Area School District
Janet Steimer,1506627051,janet_steimer@hotmail.com,Alaska State Troopers
Lewis Mellom,1954643657,lewis@yahoo.com,Lasting Impressions
Jestine Driscol,1257928278,jestine_driscol@driscol.co.uk,Glass Express
Tatum Parks,1567457572,tparks@parks.co.uk,Quantum Consultants Inc
Kayleigh Bendle,1312772111,kayleigh.bendle@bendle.co.uk,J A Associates
Lili Imondi,1600986258,lili_imondi@hotmail.com,Ide Haigney & Radio
Sunshine Senechal,1416686933,sunshine.senechal@hotmail.com,"Dale, George F Esq"
Remona Heier,1718274321,remona.heier@heier.co.uk,M A C Insurance Agency
Gail Carris,1292196869,gcarris@hotmail.com,Audrey M Borland Studios
Dong Oropeza,1573788734,doropeza@hotmail.com,"Mayo, Timothy L Esq"
Larue Ocacio,1577443040,larue@yahoo.com,"Hollett, Byron P Esq"
Goldie Sonkens,1867720033,gsonkens@sonkens.co.uk,Veri Nu Products Corp
Shelia Plues,1818260618,shelia@gmail.com,"Schen, Sanford E Md"
Narcisa Araiza,1724644767,naraiza@hotmail.com,Danka Business Systems
Evelynn Frede,1289621482,evelynn.frede@gmail.com,"Hasselberg, Michael R Esq"
Arlean Calaf,1448395723,acalaf@yahoo.com,Ed Miniat Inc
Tamra Yu,1891816938,tamra.yu@hotmail.com,Davis Commercial Contracting
Dusti Maricle,1642202972,dusti@gmail.com,"Garton, Jeffrey P Esq"
Aracelis Donham,1924111018,aracelis.donham@hotmail.com,Sm Toth Baldridge & Van Belkum
Filiberto Fredrikson,1559323337,filiberto_fredrikson@gmail.com,Westoaks Glass
Leana Stackpole,1248325090,lstackpole@yahoo.com,Direct Tools & Fasteners
Man Homer,1590219449,man.homer@gmail.com,Applied Robotic Tech Inc
Lennie Asley,1585487560,lennie_asley@gmail.com,Air Tech Streamlining
Arletta Naomi,1255805722,arletta_naomi@naomi.co.uk,E Zaks & Co
Chana Perera,1477796750,chana.perera@hotmail.com,Olden Camera & Lens Co Inc
Nell Pao,1308582144,npao@gmail.com,"Madaus, Gerald F Jr"
Antonio Heilig,1324171614,antonio.heilig@gmail.com,Radisson Suite Hotel
Gerald Kernagis,1504620944,gerald_kernagis@kernagis.co.uk,Digital Solutions Inc
Sueann Mandril,1886226100,smandril@hotmail.com,El Hispanic News
Alayna Hoyal,1964720542,alayna_hoyal@hotmail.com,South Bldg Code Congres
Talia Marthe,1711170147,talia.marthe@gmail.com,Kenney Mfg Co
Pansy Kopan,1674842315,pansy@kopan.co.uk,Oncor Inc
Royce Saik,1972770618,royce@hotmail.com,Best Western Caprock Inn
Cherelle Sorrel,1753327307,cherelle_sorrel@gmail.com,"Wiltgen, Nancy A Esq"
Dudley Dibartolo,1997409950,dudley_dibartolo@yahoo.com,"Mcknight, H Vincent Jr"
Nettie Aldaco,1388974910,nettie.aldaco@yahoo.com,Miller Searl & Fitch
Carline Bulcao,1885707109,carline@yahoo.com,"Brenner, Steven G Esq"
Shanda Lunger,1329303595,slunger@gmail.com,Western Packing Co
Emilio Withers,1523697097,emilio_withers@yahoo.com,Ardent Studios Inc
Lovetta Study,1593438141,lovetta@study.co.uk,Borton Petrini & Conron
Felice Gone,1691816025,felice.gone@hotmail.com,A F Supl Co Div Automtc Firing
Stefania Leadbeater,1706546951,stefania_leadbeater@hotmail.com,Murray Whisnant Architects
Margarita Orloski,1215422453,margarita_orloski@yahoo.com,1893 Shops
Paul Farrin,1407775572,paul.farrin@farrin.co.uk,"Dering, James E Esq"
Anglea Tritten,1818292728,anglea_tritten@hotmail.com,Waltons Carson Gardens
Ona Bowhall,1467554624,ona@yahoo.com,Cohen And Fromm Pc
Germaine Hascall,1366388506,ghascall@hotmail.com,Prg Company
Vicky Schellenberge,1625805645,vschellenberge@hotmail.com,Medlab Environmental Test Inc
Carolann Gross,1470609953,carolann@gross.co.uk,Leem Company Inc
Rusty Adelsperger,1467172590,rusty.adelsperger@yahoo.com,"Clarke, James H Esq"
Cassandra Bludworth,1903614855,cbludworth@yahoo.com,Lykes Bros Inc
Teresita Gesell,1914501391,teresita_gesell@hotmail.com,Mason Insurance Agency Inc
Evangelina Gius,1563997671,evangelina.gius@yahoo.com,J T Painting Corp
Marlon Tromblay,1919394681,mtromblay@yahoo.com,Solomon Metals Inc
Quiana Scarsella,1446936944,quiana_scarsella@hotmail.com,Looking Good
Viki Humeniuk,1721747819,vhumeniuk@gmail.com,Guldstrand Engineering Inc
Domitila Weissmann,1606833878,domitila@gmail.com,"Ciocia, James A Esq"
Ivan Aronov,1478392232,ivan@gmail.com,Center For Pediatrics
Anabel Baldock,1994675650,anabel_baldock@hotmail.com,William A Geppert True Value
Carlton Blyler,1437681317,carlton@blyler.co.uk,Hardware Specialty Co Inc
Rashida Vera,1286317691,rashida@hotmail.com,Creative Consultants
Sherron Knodel,1481744296,sherron@knodel.co.uk,Fhk Corp
Cora Mossing,1285381062,cora@yahoo.com,Regis Brd Pro Engrs & Land
Altha Tischner,1373594236,altha@hotmail.com,Male Power Ltd
Dortha Yaccarino,1528240870,dortha@hotmail.com,Atc Power Systems
Diego Augle,1275397587,diego.augle@gmail.com,Farmers Electric Co Op Inc
Peggy Khov,1619237602,peggy.khov@gmail.com,"Goldberg, Stephen M Esq"
Walton Yuki,1872808403,wyuki@gmail.com,Best Wstrn Host Mtr Htl Palm
Vallie Yafaie,1251120872,vyafaie@hotmail.com,Micro Lan
Tony Diazdeleon,1765102036,tony@gmail.com,Dilling Harris Inc
Val Villot,1375870188,val@yahoo.com,Horizon Air Magazine
Mel Picciuto,1885270480,mel.picciuto@gmail.com,Avante Limited
Isabella Piatkowski,1979186995,isabella_piatkowski@piatkowski.co.uk,"Miller, William E Iii"
Erasmo Rhea,1507386397,erasmo_rhea@hotmail.com,Martin Morrissey
Ivory Lohrenz,1876642683,ivory@hotmail.com,Auto Body Color
Nikita Walka,1282123434,nwalka@hotmail.com,"Fred, Anthony Esq"
Aleta Ligons,1952535977,aleta_ligons@hotmail.com,Advantage Bookkeeping
Owen Jentzen,1467142439,owen_jentzen@jentzen.co.uk,Capital Fasteners Inc
Pauline Fling,1990476494,pfling@fling.co.uk,Cumberland Vacuum Products
Tijuana Machalek,1242532395,tijuana.machalek@gmail.com,"Schwartz, Thomas E Esq"
Ahmad Alsaqri,1567555570,ahmad.alsaqri@yahoo.com,Alliance Construction Co Inc
Jamika Conoly,1726595316,jamika_conoly@conoly.co.uk,"Keller, Raymond C"
Derrick Dolloff,1982734773,derrick_dolloff@gmail.com,Proto Tek Manufacturing
Jacquelyne Reibman,1846581451,jacquelyne_reibman@yahoo.com,Great Clips For Hair
Zachary Freeburger,1888641397,zachary.freeburger@freeburger.co.uk,Country Kitchen
Sophia Gaucher,1504539114,sophia.gaucher@hotmail.com,T C E Systems Inc
Isabelle Kono,1552682601,isabelle.kono@yahoo.com,Rock Springs Petroleum Equip
Ronnie Brigman,1943754681,ronnie@brigman.co.uk,Howard Johnson
Krystina Schlabaugh,1441846477,kschlabaugh@schlabaugh.co.uk,Harris Oldsmobile Inc
Rosita Ausdemore,1273236188,rausdemore@hotmail.com,"Jurdem, Scott Esq"
Huey Stancil,1502139578,hstancil@hotmail.com,Lindner Funds
Elbert Fiorino,1724467889,elbert@hotmail.com,"Donald, G Nelson Esq"
Pura Manciel,1853412588,pura.manciel@yahoo.com,Cia Inspection
Alesia Katie,1333436799,alesia_katie@gmail.com,Nelsons Trmt & Pest Cntrl Co
Avery Veit,1748625058,avery@veit.co.uk,Plaza Gourmet Delicatessen
Reid Euresti,1916963261,reuresti@euresti.co.uk,"Fitzgerald, Edward J"
Charlette Brenning,1888152110,cbrenning@brenning.co.uk,Furey & Associates
Celestina Keeny,1877379681,celestina_keeny@gmail.com,Bfg Federal Credit Union
Mi Richan,1451785624,mi@hotmail.com,Nelson Wright Haworth Golf Crs
